-- ═══════════════════════════════════════════════════════════════
-- LDCF POC — File 3/4: Metadata Seed Data
-- Author: Krishan Kumar | ORCID: 0009-0009-7302-7566
--
-- POPULATES:
--   metadata.connection_registry  — source and target DB connections
--   metadata.metadata_map_master  — 4 source→target table mappings
--   metadata.metadata_rules       — field-level rules for each mapping
--
-- MAPPINGS (1-to-many decomposition, Pattern 7):
--   policy → insurance.policy         (map_id=1, load_order=1)
--   policy → insurance.policy_keyring (map_id=2, load_order=2)
--   claim  → insurance.claim          (map_id=3, load_order=1)
--   claim  → insurance.claim_keyring  (map_id=4, load_order=2)
--
-- NOTE: Update db_host values after CloudFormation deploys databases.
-- The deploy.sh script patches these values automatically.
-- ═══════════════════════════════════════════════════════════════

-- ─────────────────────────────────────────────
-- CONNECTION REGISTRY
-- Populated by deploy.sh with actual endpoints
-- Placeholder values here — replaced at deploy time
-- ─────────────────────────────────────────────
INSERT INTO metadata.connection_registry
    (connection_id, connection_name, db_secret_arn, db_host,
     db_port, db_name, db_type, is_active)
VALUES
    (1, 'mysql-legacy-source',
     'arn:aws:secretsmanager:us-east-1:ACCOUNT:secret:ldcf-poc-mysql-secret',
     'MYSQL_ENDPOINT_PLACEHOLDER',
     3306, 'insurance', 'MYSQL', true),

    (2, 'aurora-cloud-target',
     'arn:aws:secretsmanager:us-east-1:ACCOUNT:secret:ldcf-poc-aurora-secret',
     'AURORA_ENDPOINT_PLACEHOLDER',
     5432, 'ldcfdb', 'POSTGRESQL', true);


-- ─────────────────────────────────────────────
-- MAP MASTER — 4 mappings demonstrating 1-to-many
-- ─────────────────────────────────────────────
INSERT INTO metadata.metadata_map_master
    (map_id, src_connection_id, dstn_connection_id,
     src_schema_nam, dstn_schema_nam,
     src_tbl_nam, dstn_tbl_nam,
     src_pks, dstn_pks,
     is_active, stream_type, load_order)
VALUES
    (1, 1, 2, 'insurance', 'insurance', 'policy', 'policy',
     'policy_id', 'legacy_policy_id', true, 'BOTH', 1),

    (2, 1, 2, 'insurance', 'insurance', 'policy', 'policy_keyring',
     'policy_num', 'legacy_policy_num', true, 'BOTH', 2),

    (3, 1, 2, 'insurance', 'insurance', 'claim', 'claim',
     'claim_id', 'legacy_claim_id', true, 'BOTH', 1),

    (4, 1, 2, 'insurance', 'insurance', 'claim', 'claim_keyring',
     'claim_num', 'legacy_claim_num', true, 'BOTH', 2);


-- ─────────────────────────────────────────────
-- MAP 1 RULES: policy → insurance.policy
-- column_order maps to CSV position (COLUMN5+)
-- ─────────────────────────────────────────────
INSERT INTO metadata.metadata_rules
    (map_id, src_field_name, src_datatype_txt,
     dstn_field_name, dstn_datatype_txt,
     conversion_method, conversion_format_txt, column_order, created_by)
VALUES
    (1, 'policy_id',          'BIGINT',   'legacy_policy_id',    'BIGINT',    'LEGACY_REF',        NULL,          1, 'SYSTEM'),
    (1, 'policy_num',         'VARCHAR',  'policy_num',          'VARCHAR',   'DIRECT',            NULL,          2, 'SYSTEM'),
    (1, 'policy_holder_name', 'VARCHAR',  'policy_holder_name',  'VARCHAR',   'TRIM',              NULL,          3, 'SYSTEM'),
    (1, 'policy_type',        'VARCHAR',  'policy_type',         'VARCHAR',   'UPPERCASE',         NULL,          4, 'SYSTEM'),
    (1, 'effective_date',     'DATE',     'effective_date',      'DATE',      'DIRECT',            NULL,          5, 'SYSTEM'),
    (1, 'expiry_date',        'DATE',     'expiry_date',         'DATE',      'DIRECT',            NULL,          6, 'SYSTEM'),
    (1, 'premium_amount',     'DECIMAL',  'premium_amount',      'NUMERIC',   'NULL_TO_ZERO',      NULL,          7, 'SYSTEM'),
    (1, 'created_at',         'DATETIME', 'created_at',          'TIMESTAMP', 'DIRECT',            NULL,          8, 'SYSTEM'),
    (1, 'last_modified',      'DATETIME', 'last_modified',       'TIMESTAMP', 'DIRECT',            NULL,          9, 'SYSTEM');


-- ─────────────────────────────────────────────
-- MAP 2 RULES: policy → insurance.policy_keyring
-- UUID generated by PostgreSQL DEFAULT gen_random_uuid()
-- Only legacy_policy_num and legacy_policy_id needed
-- ─────────────────────────────────────────────
INSERT INTO metadata.metadata_rules
    (map_id, src_field_name, src_datatype_txt,
     dstn_field_name, dstn_datatype_txt,
     conversion_method, conversion_format_txt, column_order, created_by)
VALUES
    (2, 'policy_num', 'VARCHAR', 'legacy_policy_num', 'VARCHAR', 'DIRECT',     NULL, 1, 'SYSTEM'),
    (2, 'policy_id',  'BIGINT',  'legacy_policy_id',  'BIGINT',  'LEGACY_REF', NULL, 2, 'SYSTEM');


-- ─────────────────────────────────────────────
-- MAP 3 RULES: claim → insurance.claim
-- ─────────────────────────────────────────────
INSERT INTO metadata.metadata_rules
    (map_id, src_field_name, src_datatype_txt,
     dstn_field_name, dstn_datatype_txt,
     conversion_method, conversion_format_txt, column_order, created_by)
VALUES
    (3, 'claim_id',      'BIGINT',   'legacy_claim_id',  'BIGINT',    'LEGACY_REF',   NULL,         1, 'SYSTEM'),
    (3, 'claim_num',     'VARCHAR',  'claim_num',         'VARCHAR',   'DIRECT',       NULL,         2, 'SYSTEM'),
    (3, 'policy_id',     'BIGINT',   'policy_id',         'BIGINT',    'LEGACY_REF',   NULL,         3, 'SYSTEM'),
    (3, 'policy_num',    'VARCHAR',  'policy_num',        'VARCHAR',   'DIRECT',       NULL,         4, 'SYSTEM'),
    (3, 'claimant_name', 'VARCHAR',  'claimant_name',     'VARCHAR',   'TRIM',         NULL,         5, 'SYSTEM'),
    (3, 'claim_amount',  'DECIMAL',  'claim_amount',      'NUMERIC',   'NULL_TO_ZERO', NULL,         6, 'SYSTEM'),
    (3, 'claim_status',  'VARCHAR',  'claim_status',      'VARCHAR',   'NULL_TO_BLANK',NULL,         7, 'SYSTEM'),
    (3, 'incident_date', 'DATE',     'incident_date',     'DATE',      'NULL_TO_DATE', '1900-01-01', 8, 'SYSTEM'),
    (3, 'created_at',    'DATETIME', 'created_at',        'TIMESTAMP', 'DIRECT',       NULL,         9, 'SYSTEM'),
    (3, 'last_modified', 'DATETIME', 'last_modified',     'TIMESTAMP', 'DIRECT',       NULL,        10, 'SYSTEM');


-- ─────────────────────────────────────────────
-- MAP 4 RULES: claim → insurance.claim_keyring
-- ─────────────────────────────────────────────
INSERT INTO metadata.metadata_rules
    (map_id, src_field_name, src_datatype_txt,
     dstn_field_name, dstn_datatype_txt,
     conversion_method, conversion_format_txt, column_order, created_by)
VALUES
    (4, 'claim_num', 'VARCHAR', 'legacy_claim_num', 'VARCHAR', 'DIRECT',     NULL, 1, 'SYSTEM'),
    (4, 'claim_id',  'BIGINT',  'legacy_claim_id',  'BIGINT',  'LEGACY_REF', NULL, 2, 'SYSTEM');


-- ─────────────────────────────────────────────
-- VERIFY
-- ─────────────────────────────────────────────
/*
SELECT m.map_id, m.src_tbl_nam, m.dstn_tbl_nam,
       m.load_order, m.stream_type,
       COUNT(r.rule_id) AS rule_count
FROM   metadata.metadata_map_master m
LEFT   JOIN metadata.metadata_rules r ON m.map_id = r.map_id
GROUP  BY m.map_id, m.src_tbl_nam, m.dstn_tbl_nam, m.load_order, m.stream_type
ORDER  BY m.src_tbl_nam, m.load_order;
-- Expected: 4 rows — policy/1:9rules, policy/2:2rules, claim/1:10rules, claim/2:2rules
*/
